Revive,$25.95, 3.5 oz.
Big,$11.95, 4 oz.
Candy Rain,$11.95, 3.3 fl. oz.
Rehab,$12.95, 3.3 fl. oz.
Honey I Washed My Hair,$12.95, 1.9 oz.
American Cream,$10.95, 3.3 fl. Oz.
Fairly Traded Honey,$12.95, 3.3 fl. oz.
Seanik,$12.95, 1.9 oz.
Jumping Juniper,$12.95, 1.9 oz.
Super Milk,$19.95, 3.3 fl. oz.
Curl Power,$16.95, 3.3 oz.
Veganese,$10.95, 3.5 oz.
Power,$12.95, 3.3 oz.
Jason And The Argan Oil,$12.95, 1.9 oz.
Jason And The Argan Oil,$12.95, 1.9 oz.
Power,$12.95, 3.3 oz.
Roots,$23.95, 7.9 oz.
Soak and Float,$14.95, 1.9 oz.
Happy Happy Joy Joy,$15.95, 3.3 fl. oz.
Montalbano,$12.95, 1.9 oz.
New,$13.95, 1.9 oz.
Daddy-O,$10.95, 3.3 fl. Oz.
Jasmine And Henna,$26.95, 7.8 oz.
Big,$13.95, 2.4 oz.
Retread,$13.95, 3.1 fl. oz.
Sea Spray,$18.95, 3.3 fl. oz.
American Cream,$13.95, 1.9 oz.
Avocado,$16.95, 3.5 oz.
Dirty,$17.95, 3.5 oz.
ReneeÂ´s Shea Souffle,$16.95, 3.1 oz.
H'Suan Wen Hua,$23.95, 7.9 oz.
Rouge,$27.95, 11.4 oz.
Flyway Hair,$13.95, 1.9 oz.
Superbalm,$24.95, 1.5 oz.
Angel Hair,$13.95, 1.9 oz.
Coconut Rice Cake,$13.95, 1.9 oz.
No Drought,$18.95, 4.05 oz.
The Golden Cap,$13.95, 2.2 oz.
Round Tin,$3.95, 0.35 oz.
Marron,$27.95, 11.4 oz.
Cork Pot,$19.95, 1.05 oz.
Noir,$27.95, 11.4 oz.
Brun,$27.95, 11.4 oz.
Marilyn,$24.95, 7.9 oz.
Infra Wig,$18.95, 3.5 oz.
H.O.T.,$11.95, 0.7 oz.
Wig,$18.95, 3.5 oz.
